sample_id,set,sample_path,container,video_codec,video_profile,video_level_raw,pixel_format,bit_depth,width,height,frame_rate,color_transfer,color_primaries,color_space,audio_codec,audio_profile,audio_channels,audio_layout,audio_sample_rate,embedded_subtitles,duration_seconds,size_bytes,average_bitrate,proposed_route,notes
sample-001,no-transcode-candidates,samples/library/no-transcode-candidates/sample-001_h264-high-8bit_1920x1080_24fps_eac3-atmos-6ch.mkv,mkv,h264,High,40,yuv420p,8,1920,1080,24/1,bt709,bt709,bt709,eac3,Dolby Digital Plus + Dolby Atmos,6,5.1(side),48000,subrip:26,2350.592000,1985633052,6757899,Try original experimentally; stream-copy remux to MP4 if rejected,Container compatibility unverified; remux must preserve selected video/audio without encoding. Verify audible surround or correct downmix on the actual output setup; audio-only conversion is a possible fallback. Audible audio does not establish preservation of Atmos.
sample-002,no-transcode-candidates,samples/library/no-transcode-candidates/sample-002_h264-high-8bit_1920x1080_24fps_eac3-atmos-6ch.mkv,mkv,h264,High,40,yuv420p,8,1920,1080,24/1,bt709,bt709,bt709,eac3,Dolby Digital Plus + Dolby Atmos,6,5.1(side),48000,subrip:26,2138.048000,1791336518,6702698,Try original experimentally; stream-copy remux to MP4 if rejected,Container compatibility unverified; remux must preserve selected video/audio without encoding. Verify audible surround or correct downmix on the actual output setup; audio-only conversion is a possible fallback. Audible audio does not establish preservation of Atmos.
sample-003,no-transcode-candidates,samples/library/no-transcode-candidates/sample-003_h264-high-8bit_1920x1080_24fps_eac3-atmos-6ch.mkv,mkv,h264,High,40,yuv420p,8,1920,1080,24/1,bt709,bt709,bt709,eac3,Dolby Digital Plus + Dolby Atmos,6,5.1(side),48000,subrip:26,2417.280000,2180304038,7215726,Try original experimentally; stream-copy remux to MP4 if rejected,Container compatibility unverified; remux must preserve selected video/audio without encoding. Verify audible surround or correct downmix on the actual output setup; audio-only conversion is a possible fallback. Audible audio does not establish preservation of Atmos.
sample-004,no-transcode-candidates,samples/library/no-transcode-candidates/sample-004_h264-high-8bit_1920x1040_23.976fps_aac-lc-6ch.mp4,mp4,h264,High,41,yuv420p,8,1920,1040,24000/1001,bt709,bt709,bt709,aac,LC,6,5.1,48000,,6628.768000,2186284601,2638541,Try original MP4,Existing container candidate; receiver playback unverified. Verify audible surround or correct downmix on the actual output setup; audio-only conversion is a possible fallback.
sample-005,no-transcode-candidates,samples/library/no-transcode-candidates/sample-005_hevc-main-10-10bit_1920x1080_23.976fps_aac-lc-6ch.mp4,mp4,hevc,Main 10,120,yuv420p10le,10,1920,1080,24000/1001,unknown,unknown,unknown,aac,LC,6,5.1,48000,,1857.990000,518085136,2230733,Try original MP4,Existing container candidate; receiver playback unverified. Requires a receiver with HEVC support; 10-bit alone does not imply HDR. Verify audible surround or correct downmix on the actual output setup; audio-only conversion is a possible fallback.
sample-006,no-transcode-candidates,samples/library/no-transcode-candidates/sample-006_h264-high-8bit_720x480_23.976fps_aac-lc-2ch.mkv,mkv,h264,High,30,yuv420p,8,720,480,24000/1001,bt709,bt709,bt709,aac,LC,2,stereo,48000,subrip:2,1599.165000,122467797,612658,Try original experimentally; stream-copy remux to MP4 if rejected,Container compatibility unverified; remux must preserve selected video/audio without encoding.
sample-007,no-transcode-candidates,samples/library/no-transcode-candidates/sample-007_av1-main-10bit_1620x1080_23.976fps_eac3-6ch.mkv,mkv,av1,Main,8,yuv420p10le,10,1620,1080,24000/1001,unknown,unknown,unknown,eac3,unspecified,6,5.1(side),48000,hdmv_pgs_subtitle:1;subrip:2,7094.176000,2793269258,3149929,Try original experimentally; stream-copy remux to MP4 if rejected,"Container compatibility unverified; remux must preserve selected video/audio without encoding. AV1 support on the test receiver is unverified; low-confidence candidate, video encoding fallback may be needed. Verify audible surround or correct downmix on the actual output setup; audio-only conversion is a possible fallback."
sample-008,no-transcode-candidates,samples/library/no-transcode-candidates/sample-008_hevc-main-10-10bit_1624x1080_23.976fps_aac-lc-6ch.mkv,mkv,hevc,Main 10,120,yuv420p10le,10,1624,1080,24000/1001,bt709,bt709,bt709,aac,LC,6,5.1,48000,subrip:2,7147.370000,2800838515,3134958,Try original experimentally; stream-copy remux to MP4 if rejected,Container compatibility unverified; remux must preserve selected video/audio without encoding. Requires a receiver with HEVC support; 10-bit alone does not imply HDR. Verify audible surround or correct downmix on the actual output setup; audio-only conversion is a possible fallback.
sample-009,no-transcode-candidates,samples/library/no-transcode-candidates/sample-009_h264-high-8bit_1920x816_24fps_aac-lc-2ch.mp4,mp4,h264,High,41,yuv420p,8,1920,816,24/1,unknown,bt709,bt709,aac,LC,2,stereo,48000,,5273.088000,1335527304,2026178,Try original MP4,Existing container candidate; receiver playback unverified.
sample-010,no-transcode-candidates,samples/library/no-transcode-candidates/sample-010_hevc-main-10-10bit_1920x800_23.976fps_aac-he-aac-6ch.mkv,mkv,hevc,Main 10,120,yuv420p10le,10,1920,800,24000/1001,bt709,bt709,bt709,aac,HE-AAC,6,5.1,48000,subrip:1,3082.997000,655325423,1700489,Try original experimentally; stream-copy remux to MP4 if rejected,Container compatibility unverified; remux must preserve selected video/audio without encoding. Requires a receiver with HEVC support; 10-bit alone does not imply HDR. Verify audible surround or correct downmix on the actual output setup; audio-only conversion is a possible fallback.
sample-011,no-transcode-candidates,samples/library/no-transcode-candidates/sample-011_hevc-main-10-10bit_1920x800_23.976fps_aac-he-aac-6ch.mkv,mkv,hevc,Main 10,120,yuv420p10le,10,1920,800,24000/1001,bt709,bt709,bt709,aac,HE-AAC,6,5.1,48000,subrip:1,2843.091000,638888321,1797728,Try original experimentally; stream-copy remux to MP4 if rejected,Container compatibility unverified; remux must preserve selected video/audio without encoding. Requires a receiver with HEVC support; 10-bit alone does not imply HDR. Verify audible surround or correct downmix on the actual output setup; audio-only conversion is a possible fallback.
sample-012,no-transcode-candidates,samples/library/no-transcode-candidates/sample-012_hevc-main-10-10bit_1918x802_23.976fps_aac-lc-6ch.mp4,mp4,hevc,Main 10,120,yuv420p10le,10,1918,802,24000/1001,bt709,bt709,bt709,aac,LC,6,5.1,48000,,8732.932542,2610230514,2391160,Try original MP4,Existing container candidate; receiver playback unverified. Requires a receiver with HEVC support; 10-bit alone does not imply HDR. Verify audible surround or correct downmix on the actual output setup; audio-only conversion is a possible fallback.
sample-013,no-transcode-candidates,samples/library/no-transcode-candidates/sample-013_hevc-main-10-10bit_1920x1036_24fps_aac-lc-6ch.mp4,mp4,hevc,Main 10,120,yuv420p10le,10,1920,1036,24/1,unknown,unknown,unknown,aac,LC,6,5.1,48000,,9145.750000,2735082806,2392440,Try original MP4,Existing container candidate; receiver playback unverified. Requires a receiver with HEVC support; 10-bit alone does not imply HDR. Verify audible surround or correct downmix on the actual output setup; audio-only conversion is a possible fallback.
sample-014,no-transcode-candidates,samples/library/no-transcode-candidates/sample-014_h264-high-8bit_1280x690_24fps_aac-lc-2ch.mp4,mp4,h264,High,41,yuv420p,8,1280,690,24/1,unknown,unknown,unknown,aac,LC,2,stereo,48000,,9145.750000,1467000816,1283219,Try original MP4,Existing container candidate; receiver playback unverified.
sample-015,no-transcode-candidates,samples/library/no-transcode-candidates/sample-015_h264-high-8bit_1280x714_24fps_aac-lc-2ch.mp4,mp4,h264,High,41,yuv420p,8,1280,714,24/1,unknown,unknown,unknown,aac,LC,2,stereo,48000,,7305.588000,1167518076,1278493,Try original MP4,Existing container candidate; receiver playback unverified.
sample-016,no-transcode-candidates,samples/library/no-transcode-candidates/sample-016_hevc-main-10-10bit_1920x1040_23.976fps_aac-lc-6ch.mp4,mp4,hevc,Main 10,120,yuv420p10le,10,1920,1040,24000/1001,bt709,bt709,bt709,aac,LC,6,5.1,48000,,5854.400000,1749179459,2390242,Try original MP4,Existing container candidate; receiver playback unverified. Requires a receiver with HEVC support; 10-bit alone does not imply HDR. Verify audible surround or correct downmix on the actual output setup; audio-only conversion is a possible fallback.
sample-017,no-transcode-candidates,samples/library/no-transcode-candidates/sample-017_h264-high-8bit_1920x800_23.976fps_aac-lc-2ch.mp4,mp4,h264,High,40,yuv420p,8,1920,800,24000/1001,unknown,unknown,unknown,aac,LC,2,stereo,48000,,6143.722667,1613043149,2100411,Try original MP4,Existing container candidate; receiver playback unverified.
sample-018,no-transcode-candidates,samples/library/no-transcode-candidates/sample-018_hevc-main-10-10bit_1920x960_23.976fps_aac-lc-6ch.mp4,mp4,hevc,Main 10,120,yuv420p10le,10,1920,960,24000/1001,bt709,bt709,bt709,aac,LC,6,5.1,48000,,5247.936000,1564351976,2384711,Try original MP4,Existing container candidate; receiver playback unverified. Requires a receiver with HEVC support; 10-bit alone does not imply HDR. Verify audible surround or correct downmix on the actual output setup; audio-only conversion is a possible fallback.
sample-019,no-transcode-candidates,samples/library/no-transcode-candidates/sample-019_h264-high-8bit_1920x1072_23.976fps_aac-lc-6ch.mp4,mp4,h264,High,41,yuv420p,8,1920,1072,24000/1001,unknown,unknown,unknown,aac,LC,6,5.1,48000,,6458.496000,2121690295,2628092,Try original MP4,Existing container candidate; receiver playback unverified. Verify audible surround or correct downmix on the actual output setup; audio-only conversion is a possible fallback.
sample-020,no-transcode-candidates,samples/library/no-transcode-candidates/sample-020_h264-high-8bit_1620x1080_23.976fps_aac-lc-6ch.mp4,mp4,h264,High,41,yuv420p,8,1620,1080,24000/1001,unknown,unknown,unknown,aac,LC,6,5.1,48000,,6519.763250,2151182823,2639583,Try original MP4,Existing container candidate; receiver playback unverified. Verify audible surround or correct downmix on the actual output setup; audio-only conversion is a possible fallback.
sample-021,likely-transcode-or-review,samples/library/likely-transcode-or-review/sample-021_h264-high-8bit_1280x720_23.976fps_aac-lc-2ch_pq-bt2020.mp4,mp4,h264,High,41,yuv420p,8,1280,720,24000/1001,smpte2084,bt2020,bt2020nc,aac,LC,2,stereo,48000,,9704.194500,1558986502,1285206,HDR review; possible video transcode,Unusual 8-bit H.264 with PQ/BT.2020 tags; inspect colour correctness. Genuine unsupported HDR may need tone mapping and video encoding; incorrect tags may permit a metadata-only fix.
sample-022,no-transcode-candidates,samples/library/no-transcode-candidates/sample-022_hevc-main-10-10bit_1920x1080_23.976fps_eac3-6ch.mkv,mkv,hevc,Main 10,120,yuv420p10le,10,1920,1080,24000/1001,bt709,bt709,bt709,eac3,unspecified,6,5.1(side),48000,subrip:1,9742.528000,2828657152,2322729,Try original experimentally; stream-copy remux to MP4 if rejected,Container compatibility unverified; remux must preserve selected video/audio without encoding. Requires a receiver with HEVC support; 10-bit alone does not imply HDR. Verify audible surround or correct downmix on the actual output setup; audio-only conversion is a possible fallback.
sample-023,no-transcode-candidates,samples/library/no-transcode-candidates/sample-023_h264-high-8bit_1920x800_24fps_aac-lc-2ch.mp4,mp4,h264,High,41,yuv420p,8,1920,800,24/1,unknown,unknown,unknown,aac,LC,2,stereo,48000,,7908.843000,2221383000,2246986,Try original MP4,Existing container candidate; receiver playback unverified.
sample-024,no-transcode-candidates,samples/library/no-transcode-candidates/sample-024_h264-high-8bit_1790x1080_24fps_ac3-6ch.mkv,mkv,h264,High,40,yuv420p,8,1790,1080,24/1,bt709,bt709,bt709,ac3,unspecified,6,5.1(side),48000,subrip:4,8496.922000,1723387636,1622599,Try original experimentally; stream-copy remux to MP4 if rejected,Container compatibility unverified; remux must preserve selected video/audio without encoding. Verify audible surround or correct downmix on the actual output setup; audio-only conversion is a possible fallback.
sample-025,no-transcode-candidates,samples/library/no-transcode-candidates/sample-025_h264-high-8bit_1920x1036_24fps_aac-lc-6ch.mp4,mp4,h264,High,41,yuv420p,8,1920,1036,24/1,unknown,unknown,unknown,aac,LC,6,5.1,48000,,6840.000000,2255821370,2638387,Try original MP4,Existing container candidate; receiver playback unverified. Verify audible surround or correct downmix on the actual output setup; audio-only conversion is a possible fallback.
sample-026,no-transcode-candidates,samples/library/no-transcode-candidates/sample-026_hevc-main-10-10bit_1916x1036_24fps_aac-he-aac-6ch.mkv,mkv,hevc,Main 10,120,yuv420p10le,10,1916,1036,24/1,bt709,bt709,bt709,aac,HE-AAC,6,5.1,48000,subrip:5,7997.267000,1828394367,1829019,Try original experimentally; stream-copy remux to MP4 if rejected,Container compatibility unverified; remux must preserve selected video/audio without encoding. Requires a receiver with HEVC support; 10-bit alone does not imply HDR. Verify audible surround or correct downmix on the actual output setup; audio-only conversion is a possible fallback.
sample-027,no-transcode-candidates,samples/library/no-transcode-candidates/sample-027_h264-high-8bit_1920x816_23.976fps_aac-lc-2ch.mp4,mp4,h264,High,40,yuv420p,8,1920,816,24000/1001,unknown,unknown,unknown,aac,LC,2,stereo,48000,,8284.859917,2042145491,1971930,Try original MP4,Existing container candidate; receiver playback unverified.
sample-028,no-transcode-candidates,samples/library/no-transcode-candidates/sample-028_hevc-main-10-10bit_1920x696_23.976fps_aac-lc-6ch.mp4,mp4,hevc,Main 10,120,yuv420p10le,10,1920,696,24000/1001,bt709,bt709,bt709,aac,LC,6,5.1,48000,,8258.541958,2467220995,2389982,Try original MP4,Existing container candidate; receiver playback unverified. Requires a receiver with HEVC support; 10-bit alone does not imply HDR. Verify audible surround or correct downmix on the actual output setup; audio-only conversion is a possible fallback.
sample-029,no-transcode-candidates,samples/library/no-transcode-candidates/sample-029_hevc-main-10-10bit_1804x1080_23.976fps_aac-lc-6ch.mp4,mp4,hevc,Main 10,120,yuv420p10le,10,1804,1080,24000/1001,bt709,bt709,bt709,aac,LC,6,5.1,48000,,5912.960000,1766676159,2390242,Try original MP4,Existing container candidate; receiver playback unverified. Requires a receiver with HEVC support; 10-bit alone does not imply HDR. Verify audible surround or correct downmix on the actual output setup; audio-only conversion is a possible fallback.
sample-030,no-transcode-candidates,samples/library/no-transcode-candidates/sample-030_h264-high-8bit_1920x804_23.976fps_aac-lc-6ch.mp4,mp4,h264,High,41,yuv420p,8,1920,804,24000/1001,unknown,unknown,unknown,aac,LC,6,5.1,48000,,6603.597000,2178915674,2639671,Try original MP4,Existing container candidate; receiver playback unverified. Verify audible surround or correct downmix on the actual output setup; audio-only conversion is a possible fallback.
sample-031,no-transcode-candidates,samples/library/no-transcode-candidates/sample-031_hevc-main-10-10bit_1920x800_24fps_aac-he-aac-6ch.mkv,mkv,hevc,Main 10,120,yuv420p10le,10,1920,800,24/1,bt709,bt709,bt709,aac,HE-AAC,6,5.1,48000,subrip:1,3257.625000,599552896,1472368,Try original experimentally; stream-copy remux to MP4 if rejected,Container compatibility unverified; remux must preserve selected video/audio without encoding. Requires a receiver with HEVC support; 10-bit alone does not imply HDR. Verify audible surround or correct downmix on the actual output setup; audio-only conversion is a possible fallback.
sample-032,no-transcode-candidates,samples/library/no-transcode-candidates/sample-032_hevc-main-10-10bit_1920x800_24fps_aac-he-aac-6ch.mkv,mkv,hevc,Main 10,120,yuv420p10le,10,1920,800,24/1,bt709,bt709,bt709,aac,HE-AAC,6,5.1,48000,subrip:2,3139.292000,626950913,1597687,Try original experimentally; stream-copy remux to MP4 if rejected,Container compatibility unverified; remux must preserve selected video/audio without encoding. Requires a receiver with HEVC support; 10-bit alone does not imply HDR. Verify audible surround or correct downmix on the actual output setup; audio-only conversion is a possible fallback.
sample-033,no-transcode-candidates,samples/library/no-transcode-candidates/sample-033_hevc-main-10-10bit_1920x800_24fps_aac-he-aac-6ch.mkv,mkv,hevc,Main 10,120,yuv420p10le,10,1920,800,24/1,bt709,bt709,bt709,aac,HE-AAC,6,5.1,48000,subrip:2,2745.750000,547096046,1594015,Try original experimentally; stream-copy remux to MP4 if rejected,Container compatibility unverified; remux must preserve selected video/audio without encoding. Requires a receiver with HEVC support; 10-bit alone does not imply HDR. Verify audible surround or correct downmix on the actual output setup; audio-only conversion is a possible fallback.
sample-034,no-transcode-candidates,samples/library/no-transcode-candidates/sample-034_hevc-main-10-10bit_1920x800_24fps_aac-he-aac-6ch.mkv,mkv,hevc,Main 10,120,yuv420p10le,10,1920,800,24/1,bt709,bt709,bt709,aac,HE-AAC,6,5.1,48000,subrip:1,3231.917000,778241283,1926389,Try original experimentally; stream-copy remux to MP4 if rejected,Container compatibility unverified; remux must preserve selected video/audio without encoding. Requires a receiver with HEVC support; 10-bit alone does not imply HDR. Verify audible surround or correct downmix on the actual output setup; audio-only conversion is a possible fallback.
sample-035,no-transcode-candidates,samples/library/no-transcode-candidates/sample-035_hevc-main-10-10bit_1920x800_24fps_aac-he-aac-6ch.mkv,mkv,hevc,Main 10,120,yuv420p10le,10,1920,800,24/1,bt709,bt709,bt709,aac,HE-AAC,6,5.1,48000,subrip:1,3111.500000,557812702,1434196,Try original experimentally; stream-copy remux to MP4 if rejected,Container compatibility unverified; remux must preserve selected video/audio without encoding. Requires a receiver with HEVC support; 10-bit alone does not imply HDR. Verify audible surround or correct downmix on the actual output setup; audio-only conversion is a possible fallback.
sample-036,no-transcode-candidates,samples/library/no-transcode-candidates/sample-036_hevc-main-10-10bit_1920x800_24fps_aac-he-aac-6ch.mkv,mkv,hevc,Main 10,120,yuv420p10le,10,1920,800,24/1,bt709,bt709,bt709,aac,HE-AAC,6,5.1,48000,subrip:1,3027.042000,615887468,1627694,Try original experimentally; stream-copy remux to MP4 if rejected,Container compatibility unverified; remux must preserve selected video/audio without encoding. Requires a receiver with HEVC support; 10-bit alone does not imply HDR. Verify audible surround or correct downmix on the actual output setup; audio-only conversion is a possible fallback.
sample-037,no-transcode-candidates,samples/library/no-transcode-candidates/sample-037_hevc-main-10-10bit_1920x800_24fps_aac-he-aac-6ch.mkv,mkv,hevc,Main 10,120,yuv420p10le,10,1920,800,24/1,bt709,bt709,bt709,aac,HE-AAC,6,5.1,48000,subrip:1,2976.959000,707938232,1902446,Try original experimentally; stream-copy remux to MP4 if rejected,Container compatibility unverified; remux must preserve selected video/audio without encoding. Requires a receiver with HEVC support; 10-bit alone does not imply HDR. Verify audible surround or correct downmix on the actual output setup; audio-only conversion is a possible fallback.
sample-038,no-transcode-candidates,samples/library/no-transcode-candidates/sample-038_hevc-main-10-10bit_1920x800_24fps_aac-he-aac-6ch.mkv,mkv,hevc,Main 10,120,yuv420p10le,10,1920,800,24/1,bt709,bt709,bt709,aac,HE-AAC,6,5.1,48000,subrip:1,3195.500000,633422720,1585786,Try original experimentally; stream-copy remux to MP4 if rejected,Container compatibility unverified; remux must preserve selected video/audio without encoding. Requires a receiver with HEVC support; 10-bit alone does not imply HDR. Verify audible surround or correct downmix on the actual output setup; audio-only conversion is a possible fallback.
sample-039,no-transcode-candidates,samples/library/no-transcode-candidates/sample-039_hevc-main-10-10bit_1920x800_24fps_aac-he-aac-6ch.mkv,mkv,hevc,Main 10,120,yuv420p10le,10,1920,800,24/1,bt709,bt709,bt709,aac,HE-AAC,6,5.1,48000,subrip:1,3163.042000,632001762,1598465,Try original experimentally; stream-copy remux to MP4 if rejected,Container compatibility unverified; remux must preserve selected video/audio without encoding. Requires a receiver with HEVC support; 10-bit alone does not imply HDR. Verify audible surround or correct downmix on the actual output setup; audio-only conversion is a possible fallback.
sample-040,no-transcode-candidates,samples/library/no-transcode-candidates/sample-040_hevc-main-10-10bit_1920x800_24fps_aac-he-aac-6ch.mkv,mkv,hevc,Main 10,120,yuv420p10le,10,1920,800,24/1,bt709,bt709,bt709,aac,HE-AAC,6,5.1,48000,subrip:1,3757.834000,754586683,1606428,Try original experimentally; stream-copy remux to MP4 if rejected,Container compatibility unverified; remux must preserve selected video/audio without encoding. Requires a receiver with HEVC support; 10-bit alone does not imply HDR. Verify audible surround or correct downmix on the actual output setup; audio-only conversion is a possible fallback.
sample-041,no-transcode-candidates,samples/library/no-transcode-candidates/sample-041_h264-high-8bit_1920x804_24fps_ac3-6ch.mp4,mp4,h264,High,41,yuv420p,8,1920,804,24/1,unknown,unknown,unknown,ac3,unspecified,6,5.1(side),48000,mov_text:2,3355.514000,1360253083,3243027,Try original MP4,Existing container candidate; receiver playback unverified. Verify audible surround or correct downmix on the actual output setup; audio-only conversion is a possible fallback.
sample-042,no-transcode-candidates,samples/library/no-transcode-candidates/sample-042_h264-high-8bit_1920x804_24fps_ac3-6ch.mp4,mp4,h264,High,41,yuv420p,8,1920,804,24/1,unknown,unknown,unknown,ac3,unspecified,6,5.1(side),48000,mov_text:2,3044.186000,1233995477,3242891,Try original MP4,Existing container candidate; receiver playback unverified. Verify audible surround or correct downmix on the actual output setup; audio-only conversion is a possible fallback.
sample-043,no-transcode-candidates,samples/library/no-transcode-candidates/sample-043_h264-high-8bit_1920x804_24fps_ac3-6ch.mp4,mp4,h264,High,41,yuv420p,8,1920,804,24/1,unknown,unknown,unknown,ac3,unspecified,6,5.1(side),48000,mov_text:2,2447.066000,991881596,3242680,Try original MP4,Existing container candidate; receiver playback unverified. Verify audible surround or correct downmix on the actual output setup; audio-only conversion is a possible fallback.
sample-044,no-transcode-candidates,samples/library/no-transcode-candidates/sample-044_h264-high-8bit_1920x804_24fps_ac3-6ch.mp4,mp4,h264,High,41,yuv420p,8,1920,804,24/1,unknown,unknown,unknown,ac3,unspecified,6,5.1(side),48000,mov_text:2,2935.002000,1189734513,3242885,Try original MP4,Existing container candidate; receiver playback unverified. Verify audible surround or correct downmix on the actual output setup; audio-only conversion is a possible fallback.
sample-045,no-transcode-candidates,samples/library/no-transcode-candidates/sample-045_h264-high-8bit_1920x804_24fps_ac3-6ch.mp4,mp4,h264,High,41,yuv420p,8,1920,804,24/1,unknown,unknown,unknown,ac3,unspecified,6,5.1(side),48000,mov_text:2,2591.898000,1050603725,3242731,Try original MP4,Existing container candidate; receiver playback unverified. Verify audible surround or correct downmix on the actual output setup; audio-only conversion is a possible fallback.
sample-046,no-transcode-candidates,samples/library/no-transcode-candidates/sample-046_h264-high-8bit_1920x804_24fps_ac3-6ch.mp4,mp4,h264,High,41,yuv420p,8,1920,804,24/1,unknown,unknown,unknown,ac3,unspecified,6,5.1(side),48000,mov_text:2,2858.842000,1158850727,3242853,Try original MP4,Existing container candidate; receiver playback unverified. Verify audible surround or correct downmix on the actual output setup; audio-only conversion is a possible fallback.
sample-047,no-transcode-candidates,samples/library/no-transcode-candidates/sample-047_h264-high-8bit_1920x804_24fps_ac3-6ch.mp4,mp4,h264,High,41,yuv420p,8,1920,804,24/1,unknown,unknown,unknown,ac3,unspecified,6,5.1(side),48000,mov_text:2,2571.354000,1042283699,3242754,Try original MP4,Existing container candidate; receiver playback unverified. Verify audible surround or correct downmix on the actual output setup; audio-only conversion is a possible fallback.
sample-048,no-transcode-candidates,samples/library/no-transcode-candidates/sample-048_h264-high-8bit_1920x804_24fps_ac3-6ch.mp4,mp4,h264,High,41,yuv420p,8,1920,804,24/1,unknown,unknown,unknown,ac3,unspecified,6,5.1(side),48000,mov_text:2,2681.791667,1087069020,3242814,Try original MP4,Existing container candidate; receiver playback unverified. Verify audible surround or correct downmix on the actual output setup; audio-only conversion is a possible fallback.
sample-049,no-transcode-candidates,samples/library/no-transcode-candidates/sample-049_h264-high-8bit_1920x804_23.976fps_aac-lc-6ch.mp4,mp4,h264,High,41,yuv420p,8,1920,804,24000/1001,unknown,unknown,unknown,aac,LC,6,5.1,48000,,6644.480000,2193736306,2641273,Try original MP4,Existing container candidate; receiver playback unverified. Verify audible surround or correct downmix on the actual output setup; audio-only conversion is a possible fallback.
sample-050,no-transcode-candidates,samples/library/no-transcode-candidates/sample-050_h264-high-8bit_1904x816_24fps_aac-lc-6ch.mp4,mp4,h264,High,41,yuv420p,8,1904,816,24/1,unknown,unknown,unknown,aac,LC,6,5.1,48000,,6411.000000,2115439734,2639762,Try original MP4,Existing container candidate; receiver playback unverified. Verify audible surround or correct downmix on the actual output setup; audio-only conversion is a possible fallback.
sample-051,no-transcode-candidates,samples/library/no-transcode-candidates/sample-051_hevc-main-8bit_1920x1080_23.976fps_aac-lc-6ch.mkv,mkv,hevc,Main,120,yuv420p,8,1920,1080,24000/1001,bt709,bt709,bt709,aac,LC,6,5.1,48000,hdmv_pgs_subtitle:1;subrip:2,3082.580000,1124955115,2919515,Try original experimentally; stream-copy remux to MP4 if rejected,Container compatibility unverified; remux must preserve selected video/audio without encoding. Requires a receiver with HEVC support; 10-bit alone does not imply HDR. Verify audible surround or correct downmix on the actual output setup; audio-only conversion is a possible fallback.
sample-052,no-transcode-candidates,samples/library/no-transcode-candidates/sample-052_hevc-main-8bit_1920x1080_23.976fps_aac-lc-6ch.mkv,mkv,hevc,Main,120,yuv420p,8,1920,1080,24000/1001,bt709,bt709,bt709,aac,LC,6,5.1,48000,hdmv_pgs_subtitle:1;subrip:1,2936.277000,1079893683,2942212,Try original experimentally; stream-copy remux to MP4 if rejected,Container compatibility unverified; remux must preserve selected video/audio without encoding. Requires a receiver with HEVC support; 10-bit alone does not imply HDR. Verify audible surround or correct downmix on the actual output setup; audio-only conversion is a possible fallback.
sample-053,no-transcode-candidates,samples/library/no-transcode-candidates/sample-053_hevc-main-8bit_1920x1080_23.976fps_aac-lc-6ch.mkv,mkv,hevc,Main,120,yuv420p,8,1920,1080,24000/1001,bt709,bt709,bt709,aac,LC,6,5.1,48000,hdmv_pgs_subtitle:1;subrip:2,2979.861000,1102611810,2960169,Try original experimentally; stream-copy remux to MP4 if rejected,Container compatibility unverified; remux must preserve selected video/audio without encoding. Requires a receiver with HEVC support; 10-bit alone does not imply HDR. Verify audible surround or correct downmix on the actual output setup; audio-only conversion is a possible fallback.
sample-054,no-transcode-candidates,samples/library/no-transcode-candidates/sample-054_hevc-main-8bit_1920x1080_23.976fps_aac-lc-6ch.mkv,mkv,hevc,Main,120,yuv420p,8,1920,1080,24000/1001,bt709,bt709,bt709,aac,LC,6,5.1,48000,hdmv_pgs_subtitle:1;subrip:2,2981.994000,1102646446,2958145,Try original experimentally; stream-copy remux to MP4 if rejected,Container compatibility unverified; remux must preserve selected video/audio without encoding. Requires a receiver with HEVC support; 10-bit alone does not imply HDR. Verify audible surround or correct downmix on the actual output setup; audio-only conversion is a possible fallback.
sample-055,no-transcode-candidates,samples/library/no-transcode-candidates/sample-055_hevc-main-8bit_1920x1080_23.976fps_aac-lc-6ch.mkv,mkv,hevc,Main,120,yuv420p,8,1920,1080,24000/1001,bt709,bt709,bt709,aac,LC,6,5.1,48000,hdmv_pgs_subtitle:1;subrip:2,3059.946000,1117247798,2920960,Try original experimentally; stream-copy remux to MP4 if rejected,Container compatibility unverified; remux must preserve selected video/audio without encoding. Requires a receiver with HEVC support; 10-bit alone does not imply HDR. Verify audible surround or correct downmix on the actual output setup; audio-only conversion is a possible fallback.
sample-056,no-transcode-candidates,samples/library/no-transcode-candidates/sample-056_hevc-main-8bit_1920x1080_23.976fps_aac-lc-6ch.mkv,mkv,hevc,Main,120,yuv420p,8,1920,1080,24000/1001,bt709,bt709,bt709,aac,LC,6,5.1,48000,hdmv_pgs_subtitle:1;subrip:2,3017.514000,1078099611,2858245,Try original experimentally; stream-copy remux to MP4 if rejected,Container compatibility unverified; remux must preserve selected video/audio without encoding. Requires a receiver with HEVC support; 10-bit alone does not imply HDR. Verify audible surround or correct downmix on the actual output setup; audio-only conversion is a possible fallback.
sample-057,no-transcode-candidates,samples/library/no-transcode-candidates/sample-057_hevc-main-8bit_1920x1080_23.976fps_aac-lc-6ch.mkv,mkv,hevc,Main,120,yuv420p,8,1920,1080,24000/1001,bt709,bt709,bt709,aac,LC,6,5.1,48000,hdmv_pgs_subtitle:1;subrip:2,2893.354000,1069621821,2957458,Try original experimentally; stream-copy remux to MP4 if rejected,Container compatibility unverified; remux must preserve selected video/audio without encoding. Requires a receiver with HEVC support; 10-bit alone does not imply HDR. Verify audible surround or correct downmix on the actual output setup; audio-only conversion is a possible fallback.
sample-058,no-transcode-candidates,samples/library/no-transcode-candidates/sample-058_hevc-main-8bit_1920x1080_23.976fps_aac-lc-6ch.mkv,mkv,hevc,Main,120,yuv420p,8,1920,1080,24000/1001,bt709,bt709,bt709,aac,LC,6,5.1,48000,hdmv_pgs_subtitle:1;subrip:2,2931.477000,1074128574,2931296,Try original experimentally; stream-copy remux to MP4 if rejected,Container compatibility unverified; remux must preserve selected video/audio without encoding. Requires a receiver with HEVC support; 10-bit alone does not imply HDR. Verify audible surround or correct downmix on the actual output setup; audio-only conversion is a possible fallback.
sample-059,no-transcode-candidates,samples/library/no-transcode-candidates/sample-059_hevc-main-8bit_1920x1080_23.976fps_aac-lc-6ch.mkv,mkv,hevc,Main,120,yuv420p,8,1920,1080,24000/1001,bt709,bt709,bt709,aac,LC,6,5.1,48000,hdmv_pgs_subtitle:1;subrip:2,2894.485000,1054161486,2913572,Try original experimentally; stream-copy remux to MP4 if rejected,Container compatibility unverified; remux must preserve selected video/audio without encoding. Requires a receiver with HEVC support; 10-bit alone does not imply HDR. Verify audible surround or correct downmix on the actual output setup; audio-only conversion is a possible fallback.
sample-060,no-transcode-candidates,samples/library/no-transcode-candidates/sample-060_hevc-main-8bit_1920x1080_23.976fps_aac-lc-6ch.mkv,mkv,hevc,Main,120,yuv420p,8,1920,1080,24000/1001,bt709,bt709,bt709,aac,LC,6,5.1,48000,hdmv_pgs_subtitle:1;subrip:2,2751.167000,1000063352,2908041,Try original experimentally; stream-copy remux to MP4 if rejected,Container compatibility unverified; remux must preserve selected video/audio without encoding. Requires a receiver with HEVC support; 10-bit alone does not imply HDR. Verify audible surround or correct downmix on the actual output setup; audio-only conversion is a possible fallback.
sample-061,no-transcode-candidates,samples/library/no-transcode-candidates/sample-061_h264-high-8bit_1280x720_23.976fps_aac-lc-2ch.mkv,mkv,h264,High,31,yuv420p,8,1280,720,2997/125,unknown,unknown,unknown,aac,LC,2,stereo,48000,subrip:1,2705.560000,346240750,1023790,Try original experimentally; stream-copy remux to MP4 if rejected,Container compatibility unverified; remux must preserve selected video/audio without encoding.
sample-062,no-transcode-candidates,samples/library/no-transcode-candidates/sample-062_h264-high-8bit_1280x720_23.976fps_aac-lc-2ch.mkv,mkv,h264,High,31,yuv420p,8,1280,720,2997/125,unknown,unknown,unknown,aac,LC,2,stereo,48000,subrip:1,2637.075000,312214838,947154,Try original experimentally; stream-copy remux to MP4 if rejected,Container compatibility unverified; remux must preserve selected video/audio without encoding.
sample-063,no-transcode-candidates,samples/library/no-transcode-candidates/sample-063_h264-high-8bit_1280x720_23.976fps_aac-lc-2ch.mkv,mkv,h264,High,31,yuv420p,8,1280,720,2997/125,unknown,unknown,unknown,aac,LC,2,stereo,48000,subrip:1,2642.831000,303495636,918698,Try original experimentally; stream-copy remux to MP4 if rejected,Container compatibility unverified; remux must preserve selected video/audio without encoding.
sample-064,no-transcode-candidates,samples/library/no-transcode-candidates/sample-064_h264-high-8bit_1280x720_23.976fps_aac-lc-2ch.mkv,mkv,h264,High,31,yuv420p,8,1280,720,24000/1001,unknown,unknown,unknown,aac,LC,2,stereo,48000,subrip:1,2574.229000,368976096,1146676,Try original experimentally; stream-copy remux to MP4 if rejected,Container compatibility unverified; remux must preserve selected video/audio without encoding.
sample-065,no-transcode-candidates,samples/library/no-transcode-candidates/sample-065_h264-high-8bit_1280x720_23.976fps_aac-lc-2ch.mkv,mkv,h264,High,31,yuv420p,8,1280,720,24000/1001,unknown,unknown,unknown,aac,LC,2,stereo,48000,subrip:1,2634.677000,347180488,1054187,Try original experimentally; stream-copy remux to MP4 if rejected,Container compatibility unverified; remux must preserve selected video/audio without encoding.
sample-066,no-transcode-candidates,samples/library/no-transcode-candidates/sample-066_h264-high-8bit_1280x720_23.976fps_aac-lc-2ch.mkv,mkv,h264,High,31,yuv420p,8,1280,720,24000/1001,unknown,unknown,unknown,aac,LC,2,stereo,48000,subrip:1,2645.749000,341482130,1032545,Try original experimentally; stream-copy remux to MP4 if rejected,Container compatibility unverified; remux must preserve selected video/audio without encoding.
sample-067,no-transcode-candidates,samples/library/no-transcode-candidates/sample-067_h264-high-8bit_1280x720_23.976fps_aac-lc-2ch.mkv,mkv,h264,High,31,yuv420p,8,1280,720,24000/1001,unknown,unknown,unknown,aac,LC,2,stereo,48000,subrip:1,2643.562000,333556038,1009413,Try original experimentally; stream-copy remux to MP4 if rejected,Container compatibility unverified; remux must preserve selected video/audio without encoding.
sample-068,no-transcode-candidates,samples/library/no-transcode-candidates/sample-068_h264-high-8bit_1280x720_23.976fps_aac-lc-2ch.mkv,mkv,h264,High,31,yuv420p,8,1280,720,24000/1001,unknown,unknown,unknown,aac,LC,2,stereo,48000,subrip:1,2645.664000,393818201,1190833,Try original experimentally; stream-copy remux to MP4 if rejected,Container compatibility unverified; remux must preserve selected video/audio without encoding.
sample-069,no-transcode-candidates,samples/library/no-transcode-candidates/sample-069_h264-high-8bit_1280x720_23.976fps_aac-lc-2ch.mkv,mkv,h264,High,31,yuv420p,8,1280,720,24000/1001,unknown,unknown,unknown,aac,LC,2,stereo,48000,subrip:1,2641.727000,305511959,925188,Try original experimentally; stream-copy remux to MP4 if rejected,Container compatibility unverified; remux must preserve selected video/audio without encoding.
sample-070,no-transcode-candidates,samples/library/no-transcode-candidates/sample-070_h264-high-8bit_1280x720_23.976fps_aac-lc-2ch.mkv,mkv,h264,High,31,yuv420p,8,1280,720,24000/1001,unknown,unknown,unknown,aac,LC,2,stereo,48000,subrip:1,2586.357000,326481879,1009858,Try original experimentally; stream-copy remux to MP4 if rejected,Container compatibility unverified; remux must preserve selected video/audio without encoding.
sample-071,no-transcode-candidates,samples/library/no-transcode-candidates/sample-071_h264-high-8bit_1280x720_23.976fps_aac-lc-2ch.mkv,mkv,h264,High,31,yuv420p,8,1280,720,24000/1001,unknown,unknown,unknown,aac,LC,2,stereo,48000,subrip:1,2630.549000,342354611,1041165,Try original experimentally; stream-copy remux to MP4 if rejected,Container compatibility unverified; remux must preserve selected video/audio without encoding.
sample-072,no-transcode-candidates,samples/library/no-transcode-candidates/sample-072_h264-high-8bit_1280x720_23.976fps_aac-lc-2ch.mkv,mkv,h264,High,31,yuv420p,8,1280,720,24000/1001,unknown,unknown,unknown,aac,LC,2,stereo,48000,subrip:1,2628.693000,354165040,1077843,Try original experimentally; stream-copy remux to MP4 if rejected,Container compatibility unverified; remux must preserve selected video/audio without encoding.
sample-073,likely-transcode-or-review,samples/library/likely-transcode-or-review/sample-073_h264-high-8bit_1920x1038_23.976fps_aac-lc-6ch_pq-bt2020.mp4,mp4,h264,High,41,yuv420p,8,1920,1038,24000/1001,smpte2084,bt2020,bt2020nc,aac,LC,6,5.1,48000,,6102.387958,2012000913,2637657,HDR review; possible video transcode,Unusual 8-bit H.264 with PQ/BT.2020 tags; inspect colour correctness. Genuine unsupported HDR may need tone mapping and video encoding; incorrect tags may permit a metadata-only fix. Verify audible surround or correct downmix on the actual output setup; audio-only conversion is a possible fallback.
sample-074,no-transcode-candidates,samples/library/no-transcode-candidates/sample-074_hevc-main-10-10bit_1920x1080_23.976fps_aac-he-aac-6ch.mkv,mkv,hevc,Main 10,120,yuv420p10le,10,1920,1080,24000/1001,bt709,bt709,bt709,aac,HE-AAC,6,5.1,48000,subrip:5,6461.747000,1775836579,2198583,Try original experimentally; stream-copy remux to MP4 if rejected,Container compatibility unverified; remux must preserve selected video/audio without encoding. Requires a receiver with HEVC support; 10-bit alone does not imply HDR. Verify audible surround or correct downmix on the actual output setup; audio-only conversion is a possible fallback.
sample-075,no-transcode-candidates,samples/library/no-transcode-candidates/sample-075_hevc-main-10-10bit_1920x818_23.976fps_aac-lc-6ch.mkv,mkv,hevc,Main 10,120,yuv420p10le,10,1920,818,24000/1001,unknown,unknown,unknown,aac,LC,6,5.1,48000,subrip:1,5352.472000,1560080722,2331753,Try original experimentally; stream-copy remux to MP4 if rejected,Container compatibility unverified; remux must preserve selected video/audio without encoding. Requires a receiver with HEVC support; 10-bit alone does not imply HDR. Verify audible surround or correct downmix on the actual output setup; audio-only conversion is a possible fallback.
